Age,Duration,vals
0,1,0.0003
0,2,0.00017
0,3,0.00012
0,4,9e-05
0,5,9e-05
0,6,8e-05
0,7,9e-05
0,8,9e-05
0,9,8e-05
0,10,8e-05
0,11,9e-05
0,12,9e-05
0,13,0.0001
0,14,0.0001
0,15,0.00013
0,16,0.00022
0,17,0.00032
0,18,0.00039
0,19,0.00043
0,20,0.00044
0,21,0.00044
0,22,0.00045
0,23,0.00046
0,24,0.00048
0,25,0.00052
1,1,0.00017
1,2,0.00012
1,3,9e-05
1,4,9e-05
1,5,8e-05
1,6,9e-05
1,7,9e-05
1,8,8e-05
1,9,8e-05
1,10,9e-05
1,11,9e-05
1,12,0.0001
1,13,0.0001
1,14,0.00013
1,15,0.00022
1,16,0.00032
1,17,0.00039
1,18,0.00043
1,19,0.00044
1,20,0.00044
1,21,0.00045
1,22,0.00046
1,23,0.00048
1,24,0.00052
1,25,0.00054
2,1,0.00012
2,2,9e-05
2,3,9e-05
2,4,8e-05
2,5,9e-05
2,6,9e-05
2,7,8e-05
2,8,8e-05
2,9,9e-05
2,10,9e-05
2,11,0.0001
2,12,0.0001
2,13,0.00013
2,14,0.00022
2,15,0.00032
2,16,0.00039
2,17,0.00043
2,18,0.00044
2,19,0.00044
2,20,0.00045
2,21,0.00046
2,22,0.00048
2,23,0.00052
2,24,0.00054
2,25,0.00054
3,1,9e-05
3,2,9e-05
3,3,8e-05
3,4,9e-05
3,5,9e-05
3,6,8e-05
3,7,8e-05
3,8,9e-05
3,9,9e-05
3,10,0.0001
3,11,0.0001
3,12,0.00013
3,13,0.00022
3,14,0.00032
3,15,0.00039
3,16,0.00043
3,17,0.00044
3,18,0.00044
3,19,0.00045
3,20,0.00046
3,21,0.00048
3,22,0.00052
3,23,0.00054
3,24,0.00054
3,25,0.00053
4,1,9e-05
4,2,8e-05
4,3,9e-05
4,4,9e-05
4,5,8e-05
4,6,8e-05
4,7,9e-05
4,8,9e-05
4,9,0.0001
4,10,0.0001
4,11,0.00013
4,12,0.00022
4,13,0.00032
4,14,0.00039
4,15,0.00043
4,16,0.00044
4,17,0.00044
4,18,0.00045
4,19,0.00046
4,20,0.00048
4,21,0.00052
4,22,0.00054
4,23,0.00054
4,24,0.00053
4,25,0.00054
5,1,8e-05
5,2,9e-05
5,3,9e-05
5,4,8e-05
5,5,8e-05
5,6,9e-05
5,7,9e-05
5,8,0.0001
5,9,0.0001
5,10,0.00013
5,11,0.00022
5,12,0.00032
5,13,0.00039
5,14,0.00043
5,15,0.00044
5,16,0.00044
5,17,0.00045
5,18,0.00046
5,19,0.00048
5,20,0.00052
5,21,0.00054
5,22,0.00054
5,23,0.00053
5,24,0.00054
5,25,0.00055
6,1,9e-05
6,2,9e-05
6,3,8e-05
6,4,8e-05
6,5,9e-05
6,6,9e-05
6,7,0.0001
6,8,0.0001
6,9,0.00013
6,10,0.00022
6,11,0.00032
6,12,0.00039
6,13,0.00043
6,14,0.00044
6,15,0.00044
6,16,0.00045
6,17,0.00046
6,18,0.00048
6,19,0.00052
6,20,0.00054
6,21,0.00054
6,22,0.00053
6,23,0.00054
6,24,0.00055
6,25,0.00058
7,1,9e-05
7,2,8e-05
7,3,8e-05
7,4,9e-05
7,5,9e-05
7,6,0.0001
7,7,0.0001
7,8,0.00013
7,9,0.00022
7,10,0.00032
7,11,0.00039
7,12,0.00043
7,13,0.00044
7,14,0.00044
7,15,0.00045
7,16,0.00046
7,17,0.00048
7,18,0.00052
7,19,0.00054
7,20,0.00054
7,21,0.00053
7,22,0.00054
7,23,0.00055
7,24,0.00058
7,25,0.00062
8,1,8e-05
8,2,8e-05
8,3,9e-05
8,4,9e-05
8,5,0.0001
8,6,0.0001
8,7,0.00013
8,8,0.00022
8,9,0.00032
8,10,0.00039
8,11,0.00043
8,12,0.00044
8,13,0.00044
8,14,0.00045
8,15,0.00046
8,16,0.00048
8,17,0.00052
8,18,0.00054
8,19,0.00054
8,20,0.00053
8,21,0.00054
8,22,0.00055
8,23,0.00058
8,24,0.00062
8,25,0.00065
9,1,8e-05
9,2,9e-05
9,3,9e-05
9,4,0.0001
9,5,0.0001
9,6,0.00013
9,7,0.00022
9,8,0.00032
9,9,0.00039
9,10,0.00043
9,11,0.00044
9,12,0.00044
9,13,0.00045
9,14,0.00046
9,15,0.00048
9,16,0.00052
9,17,0.00054
9,18,0.00054
9,19,0.00053
9,20,0.00054
9,21,0.00055
9,22,0.00058
9,23,0.00062
9,24,0.00065
9,25,0.00071
10,1,9e-05
10,2,9e-05
10,3,0.0001
10,4,0.0001
10,5,0.00013
10,6,0.00022
10,7,0.00032
10,8,0.00039
10,9,0.00043
10,10,0.00044
10,11,0.00044
10,12,0.00045
10,13,0.00046
10,14,0.00048
10,15,0.00052
10,16,0.00054
10,17,0.00054
10,18,0.00053
10,19,0.00054
10,20,0.00055
10,21,0.00058
10,22,0.00062
10,23,0.00065
10,24,0.00071
10,25,0.00078
11,1,9e-05
11,2,0.0001
11,3,0.0001
11,4,0.00013
11,5,0.00022
11,6,0.00032
11,7,0.00039
11,8,0.00043
11,9,0.00044
11,10,0.00044
11,11,0.00045
11,12,0.00046
11,13,0.00048
11,14,0.00052
11,15,0.00054
11,16,0.00054
11,17,0.00053
11,18,0.00054
11,19,0.00055
11,20,0.00058
11,21,0.00062
11,22,0.00065
11,23,0.00071
11,24,0.00078
11,25,0.00085
12,1,0.0001
12,2,0.0001
12,3,0.00013
12,4,0.00022
12,5,0.00032
12,6,0.00039
12,7,0.00043
12,8,0.00044
12,9,0.00044
12,10,0.00045
12,11,0.00046
12,12,0.00048
12,13,0.00052
12,14,0.00054
12,15,0.00054
12,16,0.00053
12,17,0.00054
12,18,0.00055
12,19,0.00058
12,20,0.00062
12,21,0.00065
12,22,0.00071
12,23,0.00078
12,24,0.00085
12,25,0.00095
13,1,0.0001
13,2,0.00013
13,3,0.00022
13,4,0.00032
13,5,0.00039
13,6,0.00043
13,7,0.00044
13,8,0.00044
13,9,0.00045
13,10,0.00046
13,11,0.00048
13,12,0.00052
13,13,0.00054
13,14,0.00054
13,15,0.00053
13,16,0.00054
13,17,0.00055
13,18,0.00058
13,19,0.00062
13,20,0.00065
13,21,0.00071
13,22,0.00078
13,23,0.00085
13,24,0.00095
13,25,0.00105
14,1,0.00013
14,2,0.00022
14,3,0.00032
14,4,0.00039
14,5,0.00043
14,6,0.00044
14,7,0.00044
14,8,0.00045
14,9,0.00046
14,10,0.00048
14,11,0.00052
14,12,0.00054
14,13,0.00054
14,14,0.00053
14,15,0.00054
14,16,0.00055
14,17,0.00058
14,18,0.00062
14,19,0.00065
14,20,0.00071
14,21,0.00078
14,22,0.00085
14,23,0.00095
14,24,0.00105
14,25,0.00115
15,1,0.00022
15,2,0.00032
15,3,0.00039
15,4,0.00043
15,5,0.00044
15,6,0.00044
15,7,0.00045
15,8,0.00046
15,9,0.00048
15,10,0.00052
15,11,0.00054
15,12,0.00054
15,13,0.00053
15,14,0.00054
15,15,0.00055
15,16,0.00058
15,17,0.00062
15,18,0.00065
15,19,0.00071
15,20,0.00078
15,21,0.00085
15,22,0.00095
15,23,0.00105
15,24,0.00115
15,25,0.00124
16,1,0.00032
16,2,0.00039
16,3,0.00043
16,4,0.00044
16,5,0.00044
16,6,0.00045
16,7,0.00046
16,8,0.00048
16,9,0.00052
16,10,0.00054
16,11,0.00054
16,12,0.00053
16,13,0.00054
16,14,0.00055
16,15,0.00058
16,16,0.00062
16,17,0.00065
16,18,0.00071
16,19,0.00078
16,20,0.00085
16,21,0.00095
16,22,0.00105
16,23,0.00115
16,24,0.00124
16,25,0.00132
17,1,0.00039
17,2,0.00043
17,3,0.00044
17,4,0.00044
17,5,0.00045
17,6,0.00046
17,7,0.00048
17,8,0.00052
17,9,0.00054
17,10,0.00054
17,11,0.00053
17,12,0.00054
17,13,0.00055
17,14,0.00058
17,15,0.00062
17,16,0.00065
17,17,0.00071
17,18,0.00078
17,19,0.00085
17,20,0.00095
17,21,0.00105
17,22,0.00115
17,23,0.00124
17,24,0.00132
17,25,0.0014
18,1,0.00043
18,2,0.00044
18,3,0.00044
18,4,0.00045
18,5,0.00045
18,6,0.00046
18,7,0.00048
18,8,0.00048
18,9,0.00047
18,10,0.00047
18,11,0.00048
18,12,0.00049
18,13,0.0005
18,14,0.00053
18,15,0.00057
18,16,0.00063
18,17,0.00073
18,18,0.0008
18,19,0.0009
18,20,0.00101
18,21,0.00111
18,22,0.0012
18,23,0.00128
18,24,0.00137
18,25,0.00144
19,1,0.00042
19,2,0.00043
19,3,0.00041
19,4,0.00041
19,5,0.00042
19,6,0.00044
19,7,0.00045
19,8,0.00044
19,9,0.00044
19,10,0.00044
19,11,0.00046
19,12,0.00048
19,13,0.0005
19,14,0.00053
19,15,0.00058
19,16,0.00069
19,17,0.00078
19,18,0.00088
19,19,0.00099
19,20,0.00109
19,21,0.00119
19,22,0.00127
19,23,0.00136
19,24,0.00142
19,25,0.00149
20,1,0.00037
20,2,0.00037
20,3,0.00039
20,4,0.0004
20,5,0.00041
20,6,0.00041
20,7,0.0004
20,8,0.00041
20,9,0.00041
20,10,0.00045
20,11,0.00046
20,12,0.00048
20,13,0.0005
20,14,0.00055
20,15,0.00065
20,16,0.00072
20,17,0.00084
20,18,0.00096
20,19,0.00108
20,20,0.00118
20,21,0.00126
20,22,0.00134
20,23,0.00141
20,24,0.00147
20,25,0.00154
21,1,0.00031
21,2,0.00034
21,3,0.00035
21,4,0.00036
21,5,0.00037
21,6,0.00037
21,7,0.00038
21,8,0.00039
21,9,0.00042
21,10,0.00044
21,11,0.00046
21,12,0.00049
21,13,0.00052
21,14,0.0006
21,15,0.00068
21,16,0.00079
21,17,0.0009
21,18,0.00102
21,19,0.00114
21,20,0.00125
21,21,0.00133
21,22,0.00139
21,23,0.00145
21,24,0.00152
21,25,0.00159
22,1,0.00028
22,2,0.00031
22,3,0.00033
22,4,0.00033
22,5,0.00033
22,6,0.00033
22,7,0.00035
22,8,0.00038
22,9,0.00041
22,10,0.00045
22,11,0.00047
22,12,0.0005
22,13,0.00057
22,14,0.00064
22,15,0.00074
22,16,0.00085
22,17,0.00096
22,18,0.00108
22,19,0.00119
22,20,0.0013
22,21,0.00137
22,22,0.00143
22,23,0.0015
22,24,0.00157
22,25,0.00169
23,1,0.00025
23,2,0.0003
23,3,0.0003
23,4,0.00029
23,5,0.0003
23,6,0.00032
23,7,0.00035
23,8,0.00038
23,9,0.00042
23,10,0.00046
23,11,0.00048
23,12,0.00055
23,13,0.0006
23,14,0.0007
23,15,0.00081
23,16,0.00092
23,17,0.00102
23,18,0.00113
23,19,0.00124
23,20,0.00135
23,21,0.00141
23,22,0.00147
23,23,0.00154
23,24,0.00166
23,25,0.00179
24,1,0.00023
24,2,0.00027
24,3,0.00027
24,4,0.00027
24,5,0.00029
24,6,0.00031
24,7,0.00035
24,8,0.00039
24,9,0.00043
24,10,0.00047
24,11,0.00053
24,12,0.00058
24,13,0.00067
24,14,0.00076
24,15,0.00088
24,16,0.00098
24,17,0.00107
24,18,0.00117
24,19,0.00128
24,20,0.00138
24,21,0.00146
24,22,0.00152
24,23,0.00163
24,24,0.00175
24,25,0.0019
25,1,0.00021
25,2,0.00024
25,3,0.00024
25,4,0.00026
25,5,0.00029
25,6,0.00031
25,7,0.00035
25,8,0.0004
25,9,0.00044
25,10,0.0005
25,11,0.00056
25,12,0.00063
25,13,0.00073
25,14,0.00084
25,15,0.00094
25,16,0.00102
25,17,0.00112
25,18,0.00122
25,19,0.00133
25,20,0.00142
25,21,0.0015
25,22,0.00161
25,23,0.00173
25,24,0.00188
25,25,0.00204
26,1,0.00018
26,2,0.00021
26,3,0.00023
26,4,0.00025
26,5,0.00028
26,6,0.00032
26,7,0.00036
26,8,0.00041
26,9,0.00046
26,10,0.00053
26,11,0.0006
26,12,0.00069
26,13,0.0008
26,14,0.00091
26,15,0.001
26,16,0.00108
26,17,0.00118
26,18,0.00129
26,19,0.00138
26,20,0.00147
26,21,0.00159
26,22,0.00171
26,23,0.00186
26,24,0.00202
26,25,0.00218
27,1,0.00016
27,2,0.0002
27,3,0.00023
27,4,0.00025
27,5,0.00029
27,6,0.00032
27,7,0.00037
27,8,0.00043
27,9,0.0005
27,10,0.00058
27,11,0.00066
27,12,0.00076
27,13,0.00087
27,14,0.00097
27,15,0.00106
27,16,0.00113
27,17,0.00123
27,18,0.00134
27,19,0.00144
27,20,0.00157
27,21,0.0017
27,22,0.00184
27,23,0.00199
27,24,0.00216
27,25,0.00235
28,1,0.00014
28,2,0.0002
28,3,0.00023
28,4,0.00026
28,5,0.00029
28,6,0.00033
28,7,0.00039
28,8,0.00046
28,9,0.00053
28,10,0.00063
28,11,0.00071
28,12,0.00082
28,13,0.00093
28,14,0.00102
28,15,0.0011
28,16,0.00118
28,17,0.00128
28,18,0.00139
28,19,0.00151
28,20,0.00166
28,21,0.00182
28,22,0.00197
28,23,0.00214
28,24,0.00233
28,25,0.00254
29,1,0.00014
29,2,0.0002
29,3,0.00024
29,4,0.00027
29,5,0.00031
29,6,0.00036
29,7,0.00042
29,8,0.0005
29,9,0.00059
29,10,0.00068
29,11,0.00077
29,12,0.00088
29,13,0.00098
29,14,0.00107
29,15,0.00115
29,16,0.00124
29,17,0.00134
29,18,0.00147
29,19,0.00162
29,20,0.00178
29,21,0.00196
29,22,0.00213
29,23,0.00232
29,24,0.00252
29,25,0.00276
30,1,0.00015
30,2,0.0002
30,3,0.00025
30,4,0.00029
30,5,0.00033
30,6,0.00039
30,7,0.00046
30,8,0.00055
30,9,0.00064
30,10,0.00074
30,11,0.00083
30,12,0.00093
30,13,0.00102
30,14,0.00111
30,15,0.00119
30,16,0.00129
30,17,0.00144
30,18,0.00159
30,19,0.00174
30,20,0.00192
30,21,0.00212
30,22,0.00231
30,23,0.00251
30,24,0.00274
30,25,0.003
31,1,0.00014
31,2,0.00021
31,3,0.00026
31,4,0.00031
31,5,0.00036
31,6,0.00043
31,7,0.00051
31,8,0.0006
31,9,0.00069
31,10,0.00078
31,11,0.00087
31,12,0.00096
31,13,0.00107
31,14,0.00116
31,15,0.00125
31,16,0.00139
31,17,0.00155
31,18,0.00171
31,19,0.00188
31,20,0.00207
31,21,0.0023
31,22,0.00251
31,23,0.00274
31,24,0.00299
31,25,0.00327
32,1,0.00014
32,2,0.00022
32,3,0.00028
32,4,0.00034
32,5,0.0004
32,6,0.00048
32,7,0.00056
32,8,0.00065
32,9,0.00074
32,10,0.00084
32,11,0.00092
32,12,0.00101
32,13,0.00113
32,14,0.00122
32,15,0.00135
32,16,0.0015
32,17,0.00167
32,18,0.00184
32,19,0.00203
32,20,0.00224
32,21,0.0025
32,22,0.00274
32,23,0.00299
32,24,0.00327
32,25,0.00357
33,1,0.00015
33,2,0.00023
33,3,0.00031
33,4,0.00038
33,5,0.00045
33,6,0.00053
33,7,0.00061
33,8,0.0007
33,9,0.00078
33,10,0.00088
33,11,0.00096
33,12,0.00106
33,13,0.00119
33,14,0.00132
33,15,0.00145
33,16,0.00162
33,17,0.00181
33,18,0.00198
33,19,0.00218
33,20,0.00243
33,21,0.00273
33,22,0.00299
33,23,0.00327
33,24,0.00357
33,25,0.00391
34,1,0.00016
34,2,0.00025
34,3,0.00034
34,4,0.00042
34,5,0.0005
34,6,0.00057
34,7,0.00066
34,8,0.00075
34,9,0.00082
34,10,0.00092
34,11,0.001
34,12,0.00112
34,13,0.00127
34,14,0.00142
34,15,0.00158
34,16,0.00175
34,17,0.00195
34,18,0.00214
34,19,0.00238
34,20,0.00265
34,21,0.00298
34,22,0.00327
34,23,0.00357
34,24,0.00391
34,25,0.00428
35,1,0.00017
35,2,0.00026
35,3,0.00038
35,4,0.00047
35,5,0.00055
35,6,0.00062
35,7,0.00072
35,8,0.0008
35,9,0.00087
35,10,0.00096
35,11,0.00105
35,12,0.00122
35,13,0.00139
35,14,0.00156
35,15,0.00172
35,16,0.0019
35,17,0.0021
35,18,0.00232
35,19,0.0026
35,20,0.0029
35,21,0.00326
35,22,0.00357
35,23,0.00391
35,24,0.00428
35,25,0.00472
36,1,0.00019
36,2,0.00029
36,3,0.00042
36,4,0.00052
36,5,0.0006
36,6,0.00069
36,7,0.00077
36,8,0.00084
36,9,0.00091
36,10,0.001
36,11,0.00117
36,12,0.00134
36,13,0.00153
36,14,0.0017
36,15,0.00187
36,16,0.00207
36,17,0.00229
36,18,0.00254
36,19,0.00284
36,20,0.0032
36,21,0.00357
36,22,0.00391
36,23,0.00428
36,24,0.00472
36,25,0.00521
37,1,0.0002
37,2,0.00031
37,3,0.00046
37,4,0.00058
37,5,0.00066
37,6,0.00075
37,7,0.00082
37,8,0.00089
37,9,0.00095
37,10,0.00112
37,11,0.00129
37,12,0.00147
37,13,0.00167
37,14,0.00185
37,15,0.00203
37,16,0.00224
37,17,0.00249
37,18,0.00278
37,19,0.00312
37,20,0.00351
37,21,0.00391
37,22,0.00428
37,23,0.00472
37,24,0.00521
37,25,0.00577
38,1,0.00021
38,2,0.00033
38,3,0.00049
38,4,0.00062
38,5,0.00071
38,6,0.0008
38,7,0.00086
38,8,0.00093
38,9,0.00108
38,10,0.00124
38,11,0.00143
38,12,0.00162
38,13,0.00183
38,14,0.00202
38,15,0.00221
38,16,0.00245
38,17,0.00274
38,18,0.00306
38,19,0.00344
38,20,0.00387
38,21,0.00428
38,22,0.00472
38,23,0.00521
38,24,0.00577
38,25,0.00639
39,1,0.00023
39,2,0.00036
39,3,0.00052
39,4,0.00066
39,5,0.00076
39,6,0.00084
39,7,0.00091
39,8,0.00105
39,9,0.00119
39,10,0.00137
39,11,0.00158
39,12,0.00178
39,13,0.002
39,14,0.00221
39,15,0.00243
39,16,0.00269
39,17,0.00301
39,18,0.00337
39,19,0.0038
39,20,0.00426
39,21,0.00472
39,22,0.00521
39,23,0.00577
39,24,0.00639
39,25,0.00711
40,1,0.00025
40,2,0.00038
40,3,0.00055
40,4,0.00069
40,5,0.00081
40,6,0.00089
40,7,0.00101
40,8,0.00115
40,9,0.00131
40,10,0.00152
40,11,0.00173
40,12,0.00195
40,13,0.00218
40,14,0.00241
40,15,0.00266
40,16,0.00297
40,17,0.00332
40,18,0.00373
40,19,0.00419
40,20,0.00468
40,21,0.00521
40,22,0.00577
40,23,0.00639
40,24,0.00709
40,25,0.00789
41,1,0.00026
41,2,0.00041
41,3,0.00058
41,4,0.00073
41,5,0.00085
41,6,0.00098
41,7,0.00112
41,8,0.00126
41,9,0.00144
41,10,0.00168
41,11,0.0019
41,12,0.00212
41,13,0.00238
41,14,0.00264
41,15,0.00293
41,16,0.00327
41,17,0.00367
41,18,0.00412
41,19,0.00461
41,20,0.00517
41,21,0.00577
41,22,0.00639
41,23,0.00708
41,24,0.00788
41,25,0.00876
42,1,0.00028
42,2,0.00045
42,3,0.00061
42,4,0.00077
42,5,0.00094
42,6,0.00107
42,7,0.00121
42,8,0.00137
42,9,0.00159
42,10,0.00184
42,11,0.00208
42,12,0.00231
42,13,0.0026
42,14,0.0029
42,15,0.00323
42,16,0.00362
42,17,0.00407
42,18,0.00455
42,19,0.00509
42,20,0.00572
42,21,0.00639
42,22,0.00708
42,23,0.00785
42,24,0.00874
42,25,0.00972
43,1,0.0003
43,2,0.00046
43,3,0.00064
43,4,0.00085
43,5,0.00102
43,6,0.00117
43,7,0.00132
43,8,0.00151
43,9,0.00175
43,10,0.00201
43,11,0.00225
43,12,0.00252
43,13,0.00285
43,14,0.0032
43,15,0.00358
43,16,0.00402
43,17,0.00452
43,18,0.00505
43,19,0.00565
43,20,0.00633
43,21,0.00707
43,22,0.00784
43,23,0.00872
43,24,0.0097
43,25,0.01077
44,1,0.00032
44,2,0.00049
44,3,0.00069
44,4,0.00094
44,5,0.0011
44,6,0.00126
44,7,0.00143
44,8,0.00165
44,9,0.00191
44,10,0.00219
44,11,0.00245
44,12,0.00276
44,13,0.00314
44,14,0.00354
44,15,0.00396
44,16,0.00446
44,17,0.00499
44,18,0.00557
44,19,0.00624
44,20,0.00701
44,21,0.00783
44,22,0.00871
44,23,0.00969
44,24,0.01076
44,25,0.01194
45,1,0.00036
45,2,0.00052
45,3,0.00076
45,4,0.00105
45,5,0.00121
45,6,0.00137
45,7,0.00156
45,8,0.00182
45,9,0.00209
45,10,0.00238
45,11,0.00268
45,12,0.00302
45,13,0.00346
45,14,0.00392
45,15,0.0044
45,16,0.00495
45,17,0.00554
45,18,0.0062
45,19,0.00694
45,20,0.00778
45,21,0.00869
45,22,0.00968
45,23,0.01076
45,24,0.01194
45,25,0.01323
46,1,0.00039
46,2,0.00054
46,3,0.00083
46,4,0.00113
46,5,0.00131
46,6,0.00151
46,7,0.00172
46,8,0.00199
46,9,0.00228
46,10,0.0026
46,11,0.00292
46,12,0.00335
46,13,0.00385
46,14,0.00436
46,15,0.00488
46,16,0.00549
46,17,0.00616
46,18,0.00688
46,19,0.00771
46,20,0.0086
46,21,0.00966
46,22,0.01076
46,23,0.01194
46,24,0.01323
46,25,0.01466
47,1,0.00042
47,2,0.00058
47,3,0.00094
47,4,0.00124
47,5,0.00143
47,6,0.00166
47,7,0.0019
47,8,0.00219
47,9,0.00249
47,10,0.00283
47,11,0.00322
47,12,0.00372
47,13,0.00428
47,14,0.00482
47,15,0.00542
47,16,0.00612
47,17,0.00686
47,18,0.00765
47,19,0.00854
47,20,0.00955
47,21,0.01073
47,22,0.01194
47,23,0.01323
47,24,0.01466
47,25,0.01624
48,1,0.00045
48,2,0.00062
48,3,0.00106
48,4,0.00135
48,5,0.00159
48,6,0.00184
48,7,0.00211
48,8,0.00241
48,9,0.00271
48,10,0.00312
48,11,0.00358
48,12,0.00412
48,13,0.00475
48,14,0.00536
48,15,0.00603
48,16,0.0068
48,17,0.00763
48,18,0.0085
48,19,0.00949
48,20,0.01061
48,21,0.01192
48,22,0.01323
48,23,0.01466
48,24,0.01624
48,25,0.018
49,1,0.00048
49,2,0.0007
49,3,0.0012
49,4,0.00151
49,5,0.00176
49,6,0.00203
49,7,0.00232
49,8,0.00262
49,9,0.00299
49,10,0.00346
49,11,0.00395
49,12,0.00455
49,13,0.00524
49,14,0.00592
49,15,0.00666
49,16,0.00751
49,17,0.00844
49,18,0.00942
49,19,0.0105
49,20,0.01176
49,21,0.01323
49,22,0.01466
49,23,0.01624
49,24,0.018
49,25,0.01996
50,1,0.0005
50,2,0.00082
50,3,0.00137
50,4,0.00168
50,5,0.00195
50,6,0.00225
50,7,0.00255
50,8,0.00287
50,9,0.00334
50,10,0.00384
50,11,0.00436
50,12,0.00501
50,13,0.00573
50,14,0.00648
50,15,0.00731
50,16,0.00828
50,17,0.0093
50,18,0.01037
50,19,0.01159
50,20,0.01296
50,21,0.01466
50,22,0.01624
50,23,0.018
50,24,0.01996
50,25,0.02216
51,1,0.00052
51,2,0.00097
51,3,0.00153
51,4,0.00186
51,5,0.00217
51,6,0.00247
51,7,0.0028
51,8,0.00322
51,9,0.0037
51,10,0.00424
51,11,0.00481
51,12,0.00549
51,13,0.00626
51,14,0.00708
51,15,0.00801
51,16,0.00909
51,17,0.0102
51,18,0.01138
51,19,0.01269
51,20,0.01426
51,21,0.01624
51,22,0.018
51,23,0.01996
51,24,0.02216
51,25,0.02461
52,1,0.00055
52,2,0.00114
52,3,0.00167
52,4,0.00204
52,5,0.00239
52,6,0.00272
52,7,0.00312
52,8,0.00356
52,9,0.0041
52,10,0.00472
52,11,0.00533
52,12,0.00605
52,13,0.00685
52,14,0.00778
52,15,0.00884
52,16,0.01001
52,17,0.01119
52,18,0.01245
52,19,0.01397
52,20,0.01583
52,21,0.018
52,22,0.01996
52,23,0.02211
52,24,0.02459
52,25,0.02732
53,1,0.00058
53,2,0.00126
53,3,0.00179
53,4,0.00225
53,5,0.00263
53,6,0.00302
53,7,0.00345
53,8,0.00396
53,9,0.00457
53,10,0.00524
53,11,0.00587
53,12,0.00663
53,13,0.00751
53,14,0.00856
53,15,0.00973
53,16,0.01098
53,17,0.01228
53,18,0.01377
53,19,0.01551
53,20,0.01751
53,21,0.01995
53,22,0.0221
53,23,0.02456
53,24,0.02728
53,25,0.03038
54,1,0.00061
54,2,0.00135
54,3,0.00194
54,4,0.00245
54,5,0.00291
54,6,0.00335
54,7,0.00384
54,8,0.00443
54,9,0.00511
54,10,0.00581
54,11,0.00647
54,12,0.00729
54,13,0.0083
54,14,0.00946
54,15,0.01072
54,16,0.01209
54,17,0.01356
54,18,0.01527
54,19,0.01725
54,20,0.01958
54,21,0.02209
54,22,0.02456
54,23,0.02728
54,24,0.03038
54,25,0.03383
55,1,0.00065
55,2,0.00141
55,3,0.00209
55,4,0.00265
55,5,0.00322
55,6,0.00372
55,7,0.00429
55,8,0.00496
55,9,0.00569
55,10,0.00641
55,11,0.00712
55,12,0.00803
55,13,0.00916
55,14,0.01042
55,15,0.01182
55,16,0.01334
55,17,0.01503
55,18,0.01698
55,19,0.0193
55,20,0.0219
55,21,0.02456
55,22,0.02728
55,23,0.03038
55,24,0.03383
55,25,0.03771
56,1,0.00069
56,2,0.00148
56,3,0.00223
56,4,0.00287
56,5,0.00356
56,6,0.00413
56,7,0.00477
56,8,0.00549
56,9,0.00624
56,10,0.00699
56,11,0.00776
56,12,0.00877
56,13,0.01004
56,14,0.01145
56,15,0.01301
56,16,0.01476
56,17,0.01676
56,18,0.01899
56,19,0.02146
56,20,0.02435
56,21,0.02728
56,22,0.03038
56,23,0.03383
56,24,0.03771
56,25,0.04207
57,1,0.00074
57,2,0.00155
57,3,0.00235
57,4,0.00313
57,5,0.00395
57,6,0.00459
57,7,0.0053
57,8,0.00604
57,9,0.00681
57,10,0.00758
57,11,0.00838
57,12,0.00956
57,13,0.01095
57,14,0.01257
57,15,0.01435
57,16,0.01639
57,17,0.01865
57,18,0.02105
57,19,0.02384
57,20,0.02705
57,21,0.03038
57,22,0.03383
57,23,0.03771
57,24,0.04207
57,25,0.04727
58,1,0.00081
58,2,0.00162
58,3,0.0025
58,4,0.00347
58,5,0.00439
58,6,0.00509
58,7,0.00585
58,8,0.00659
58,9,0.00735
58,10,0.00815
58,11,0.00906
58,12,0.01035
58,13,0.01201
58,14,0.01383
58,15,0.01586
58,16,0.01818
58,17,0.02066
58,18,0.0234
58,19,0.0265
58,20,0.03009
58,21,0.03383
58,22,0.03771
58,23,0.04207
58,24,0.04727
58,25,0.05315
59,1,0.00088
59,2,0.00172
59,3,0.00268
59,4,0.00387
59,5,0.00486
59,6,0.00562
59,7,0.00638
59,8,0.00711
59,9,0.00789
59,10,0.00878
59,11,0.00976
59,12,0.01133
59,13,0.01324
59,14,0.0153
59,15,0.01761
59,16,0.02013
59,17,0.02302
59,18,0.02599
59,19,0.02942
59,20,0.03338
59,21,0.03771
59,22,0.04207
59,23,0.04727
59,24,0.05315
59,25,0.05991
60,1,0.00099
60,2,0.00184
60,3,0.00295
60,4,0.00427
60,5,0.00535
60,6,0.00613
60,7,0.00687
60,8,0.0076
60,9,0.00842
60,10,0.00939
60,11,0.01067
60,12,0.01249
60,13,0.01456
60,14,0.01687
60,15,0.01936
60,16,0.02228
60,17,0.02528
60,18,0.0285
60,19,0.03241
60,20,0.03698
60,21,0.04207
60,22,0.04727
60,23,0.05315
60,24,0.05991
60,25,0.06772
61,1,0.00112
61,2,0.00198
61,3,0.00329
61,4,0.00466
61,5,0.00583
61,6,0.0066
61,7,0.0073
61,8,0.00807
61,9,0.00901
61,10,0.01021
61,11,0.01175
61,12,0.01376
61,13,0.01612
61,14,0.01861
61,15,0.02149
61,16,0.02453
61,17,0.02785
61,18,0.03152
61,19,0.03611
61,20,0.04141
61,21,0.04727
61,22,0.05315
61,23,0.05991
61,24,0.06772
61,25,0.07664
62,1,0.00125
62,2,0.00218
62,3,0.0037
62,4,0.00499
62,5,0.00627
62,6,0.007
62,7,0.00771
62,8,0.00857
62,9,0.00967
62,10,0.01112
62,11,0.01285
62,12,0.01515
62,13,0.01781
62,14,0.0207
62,15,0.02371
62,16,0.02711
62,17,0.03096
62,18,0.03564
62,19,0.04107
62,20,0.04693
62,21,0.05315
62,22,0.05991
62,23,0.06772
62,24,0.07664
62,25,0.08686
63,1,0.00139
63,2,0.00244
63,3,0.00414
63,4,0.00547
63,5,0.00666
63,6,0.00745
63,7,0.00822
63,8,0.00923
63,9,0.01054
63,10,0.01215
63,11,0.01416
63,12,0.01677
63,13,0.01966
63,14,0.02289
63,15,0.02627
63,16,0.03012
63,17,0.03493
63,18,0.04017
63,19,0.04649
63,20,0.05279
63,21,0.05991
63,22,0.06772
63,23,0.07664
63,24,0.08686
63,25,0.09804
64,1,0.00152
64,2,0.00282
64,3,0.00456
64,4,0.00589
64,5,0.00704
64,6,0.00791
64,7,0.00893
64,8,0.01016
64,9,0.01157
64,10,0.01345
64,11,0.0157
64,12,0.01852
64,13,0.02155
64,14,0.02511
64,15,0.02891
64,16,0.03395
64,17,0.03957
64,18,0.04611
64,19,0.05249
64,20,0.05969
64,21,0.06772
64,22,0.07664
64,23,0.08686
64,24,0.09803
64,25,0.11038
65,1,0.00164
65,2,0.00326
65,3,0.00496
65,4,0.00627
65,5,0.0075
65,6,0.0086
65,7,0.00982
65,8,0.01112
65,9,0.0128
65,10,0.01509
65,11,0.01757
65,12,0.02042
65,13,0.02361
65,14,0.02742
65,15,0.03194
65,16,0.03795
65,17,0.04436
65,18,0.05136
65,19,0.0586
65,20,0.0667
65,21,0.07661
65,22,0.08682
65,23,0.09799
65,24,0.11034
65,25,0.12379
66,1,0.00178
66,2,0.00349
66,3,0.00531
66,4,0.00666
66,5,0.00801
66,6,0.00936
66,7,0.01072
66,8,0.01228
66,9,0.01436
66,10,0.01698
66,11,0.01959
66,12,0.02257
66,13,0.02594
66,14,0.03048
66,15,0.03574
66,16,0.04259
66,17,0.05067
66,18,0.05794
66,19,0.06608
66,20,0.07602
66,21,0.08676
66,22,0.09793
66,23,0.11029
66,24,0.12375
66,25,0.13819
67,1,0.00193
67,2,0.0037
67,3,0.00566
67,4,0.00709
67,5,0.00866
67,6,0.01019
67,7,0.01177
67,8,0.01371
67,9,0.01615
67,10,0.01906
67,11,0.02193
67,12,0.02522
67,13,0.02896
67,14,0.03411
67,15,0.04022
67,16,0.04811
67,17,0.05714
67,18,0.0654
67,19,0.07568
67,20,0.08644
67,21,0.09787
67,22,0.11023
67,23,0.1237
67,24,0.13814
67,25,0.15315
68,1,0.00209
68,2,0.0039
68,3,0.00601
68,4,0.00766
68,5,0.00939
68,6,0.01113
68,7,0.01305
68,8,0.01533
68,9,0.01814
68,10,0.02142
68,11,0.02452
68,12,0.02828
68,13,0.03325
68,14,0.03902
68,15,0.04525
68,16,0.05435
68,17,0.06435
68,18,0.07475
68,19,0.08575
68,20,0.09717
68,21,0.11016
68,22,0.12363
68,23,0.13808
68,24,0.1531
68,25,0.16887
69,1,0.00228
69,2,0.00411
69,3,0.00641
69,4,0.00838
69,5,0.01025
69,6,0.01228
69,7,0.01447
69,8,0.01708
69,9,0.02032
69,10,0.02397
69,11,0.02758
69,12,0.03248
69,13,0.03807
69,14,0.04428
69,15,0.05247
69,16,0.06264
69,17,0.07365
69,18,0.0847
69,19,0.09642
69,20,0.10941
69,21,0.12355
69,22,0.13801
69,23,0.15304
69,24,0.16882
69,25,0.18529
70,1,0.00248
70,2,0.00433
70,3,0.00683
70,4,0.00911
70,5,0.01128
70,6,0.01349
70,7,0.01592
70,8,0.01895
70,9,0.02267
70,10,0.02705
70,11,0.03167
70,12,0.03707
70,13,0.04338
70,14,0.05122
70,15,0.06144
70,16,0.07243
70,17,0.08381
70,18,0.09563
70,19,0.10862
70,20,0.12276
70,21,0.13794
70,22,0.15297
70,23,0.16876
70,24,0.18524
70,25,0.20126
71,1,0.0027
71,2,0.00456
71,3,0.00729
71,4,0.00996
71,5,0.01236
71,6,0.01471
71,7,0.01742
71,8,0.02094
71,9,0.02537
71,10,0.03047
71,11,0.03605
71,12,0.04223
71,13,0.04977
71,14,0.05926
71,15,0.06999
71,16,0.08217
71,17,0.0944
71,18,0.10777
71,19,0.12193
71,20,0.13712
71,21,0.1529
71,22,0.1687
71,23,0.18519
71,24,0.20122
71,25,0.21765
72,1,0.00294
72,2,0.00485
72,3,0.00782
72,4,0.01099
72,5,0.01347
72,6,0.01596
72,7,0.01904
72,8,0.02323
72,9,0.02853
72,10,0.03465
72,11,0.04102
72,12,0.04759
72,13,0.05658
72,14,0.06719
72,15,0.07951
72,16,0.09266
72,17,0.10648
72,18,0.12104
72,19,0.13626
72,20,0.15207
72,21,0.16863
72,22,0.18513
72,23,0.20118
72,24,0.21762
72,25,0.23815
73,1,0.0032
73,2,0.00519
73,3,0.00845
73,4,0.01204
73,5,0.01458
73,6,0.01728
73,7,0.02095
73,8,0.02585
73,9,0.03227
73,10,0.03931
73,11,0.04635
73,12,0.05453
73,13,0.06464
73,14,0.07701
73,15,0.09152
73,16,0.1054
73,17,0.12011
73,18,0.13535
73,19,0.15119
73,20,0.1678
73,21,0.18508
73,22,0.20113
73,23,0.21758
73,24,0.23813
73,25,0.26037
74,1,0.00358
74,2,0.00562
74,3,0.00923
74,4,0.01305
74,5,0.01576
74,6,0.01893
74,7,0.02318
74,8,0.02903
74,9,0.03655
74,10,0.04457
74,11,0.05241
74,12,0.06149
74,13,0.07332
74,14,0.08809
74,15,0.10363
74,16,0.11882
74,17,0.13439
74,18,0.15026
74,19,0.16693
74,20,0.18426
74,21,0.20108
74,22,0.21755
74,23,0.23811
74,24,0.26036
74,25,0.28438
75,1,0.004
75,2,0.0061
75,3,0.01013
75,4,0.01415
75,5,0.01721
75,6,0.02077
75,7,0.02576
75,8,0.03265
75,9,0.04143
75,10,0.05031
75,11,0.05879
75,12,0.06973
75,13,0.08373
75,14,0.10034
75,15,0.11728
75,16,0.13338
75,17,0.14929
75,18,0.16601
75,19,0.18341
75,20,0.20031
75,21,0.21751
75,22,0.23808
75,23,0.26034
75,24,0.28437
75,25,0.30974
76,1,0.0045
76,2,0.00674
76,3,0.01128
76,4,0.01575
76,5,0.01903
76,6,0.02314
76,7,0.02904
76,8,0.03717
76,9,0.04715
76,10,0.05684
76,11,0.0675
76,12,0.08086
76,13,0.09683
76,14,0.11455
76,15,0.13248
76,16,0.1484
76,17,0.16514
76,18,0.18258
76,19,0.19955
76,20,0.21683
76,21,0.23805
76,22,0.26033
76,23,0.28437
76,24,0.30973
76,25,0.33601
77,1,0.00498
77,2,0.00739
77,3,0.01242
77,4,0.01732
77,5,0.02098
77,6,0.02569
77,7,0.03257
77,8,0.04226
77,9,0.05346
77,10,0.06437
77,11,0.07831
77,12,0.09372
77,13,0.11174
77,14,0.1316
77,15,0.14752
77,16,0.16428
77,17,0.18175
77,18,0.19879
77,19,0.21614
77,20,0.23746
77,21,0.26031
77,22,0.28436
77,23,0.30973
77,24,0.33601
77,25,0.36083
78,1,0.00552
78,2,0.0082
78,3,0.01377
78,4,0.01915
78,5,0.02314
78,6,0.02876
78,7,0.03663
78,8,0.04798
78,9,0.06089
78,10,0.07375
78,11,0.08965
78,12,0.10788
78,13,0.12905
78,14,0.14663
78,15,0.16342
78,16,0.18093
78,17,0.19803
78,18,0.21546
78,19,0.23686
78,20,0.25982
78,21,0.28435
78,22,0.30973
78,23,0.33601
78,24,0.36083
78,25,0.38542
79,1,0.00606
79,2,0.00912
79,3,0.01537
79,4,0.0211
79,5,0.02573
79,6,0.03186
79,7,0.04122
79,8,0.05447
79,9,0.06898
79,10,0.08483
79,11,0.10412
79,12,0.12584
79,13,0.14574
79,14,0.16256
79,15,0.18011
79,16,0.19726
79,17,0.21477
79,18,0.23626
79,19,0.25934
79,20,0.28399
79,21,0.30972
79,22,0.33601
79,23,0.36083
79,24,0.38542
79,25,0.40936
80,1,0.00637
80,2,0.01025
80,3,0.01717
80,4,0.02334
80,5,0.02839
80,6,0.03548
80,7,0.04682
80,8,0.06184
80,9,0.07899
80,10,0.09849
80,11,0.12144
80,12,0.14486
80,13,0.16169
80,14,0.17929
80,15,0.1965
80,16,0.21409
80,17,0.23566
80,18,0.25885
80,19,0.28364
80,20,0.30953
80,21,0.33601
80,22,0.36083
80,23,0.38542
80,24,0.40936
80,25,0.43223
81,1,0.00697
81,2,0.01162
81,3,0.01939
81,4,0.02586
81,5,0.03156
81,6,0.04058
81,7,0.05376
81,8,0.07087
81,9,0.0907
81,10,0.11335
81,11,0.13981
81,12,0.16083
81,13,0.17846
81,14,0.19573
81,15,0.2134
81,16,0.23507
81,17,0.25836
81,18,0.28328
81,19,0.30934
81,20,0.33601
81,21,0.36083
81,22,0.38542
81,23,0.40936
81,24,0.43223
81,25,0.45362
82,1,0.00772
82,2,0.01321
82,3,0.02189
82,4,0.02858
82,5,0.03635
82,6,0.04688
82,7,0.06216
82,8,0.0826
82,9,0.10696
82,10,0.13548
82,11,0.15997
82,12,0.17764
82,13,0.19497
82,14,0.21272
82,15,0.23447
82,16,0.25787
82,17,0.28293
82,18,0.30915
82,19,0.33601
82,20,0.36083
82,21,0.38542
82,22,0.40936
82,23,0.43223
82,24,0.45362
82,25,0.47317
83,1,0.00881
83,2,0.01515
83,3,0.02506
83,4,0.03336
83,5,0.04223
83,6,0.05472
83,7,0.07365
83,8,0.10024
83,9,0.13117
83,10,0.1599
83,11,0.17682
83,12,0.19421
83,13,0.21203
83,14,0.23387
83,15,0.25738
83,16,0.28257
83,17,0.30896
83,18,0.33601
83,19,0.36083
83,20,0.38542
83,21,0.40936
83,22,0.43223
83,23,0.45362
83,24,0.47317
83,25,0.49915
84,1,0.01025
84,2,0.01749
84,3,0.02897
84,4,0.03947
84,5,0.05017
84,6,0.06558
84,7,0.09257
84,8,0.12663
84,9,0.1599
84,10,0.17676
84,11,0.19345
84,12,0.21134
84,13,0.23328
84,14,0.25689
84,15,0.28222
84,16,0.30877
84,17,0.33601
84,18,0.36083
84,19,0.38542
84,20,0.40936
84,21,0.43223
84,22,0.45362
84,23,0.47317
84,24,0.49915
84,25,0.52655
85,1,0.01171
85,2,0.02037
85,3,0.03428
85,4,0.04662
85,5,0.05956
85,6,0.08116
85,7,0.1163
85,8,0.15035
85,9,0.17676
85,10,0.1934
85,11,0.21066
85,12,0.23268
85,13,0.2564
85,14,0.28187
85,15,0.30857
85,16,0.33601
85,17,0.36083
85,18,0.38542
85,19,0.40936
85,20,0.43223
85,21,0.45362
85,22,0.47317
85,23,0.49915
85,24,0.52655
85,25,0.55546
86,1,0.01319
86,2,0.02421
86,3,0.04082
86,4,0.05556
86,5,0.07352
86,6,0.10729
86,7,0.1429
86,8,0.17676
86,9,0.1934
86,10,0.21063
86,11,0.23208
86,12,0.25592
86,13,0.28152
86,14,0.30838
86,15,0.33601
86,16,0.36083
86,17,0.38542
86,18,0.40936
86,19,0.43223
86,20,0.45362
86,21,0.47317
86,22,0.49915
86,23,0.52655
86,24,0.55546
86,25,0.58596
87,1,0.01485
87,2,0.02879
87,3,0.04864
87,4,0.06646
87,5,0.09524
87,6,0.13765
87,7,0.17676
87,8,0.1934
87,9,0.21063
87,10,0.23206
87,11,0.25543
87,12,0.28116
87,13,0.30819
87,14,0.33601
87,15,0.36083
87,16,0.38542
87,17,0.40936
87,18,0.43223
87,19,0.45362
87,20,0.47317
87,21,0.49915
87,22,0.52655
87,23,0.55546
87,24,0.58596
87,25,0.61813
88,1,0.01666
88,2,0.03417
88,3,0.0578
88,4,0.08398
88,5,0.12746
88,6,0.17676
88,7,0.1934
88,8,0.21063
88,9,0.23206
88,10,0.25541
88,11,0.2808
88,12,0.30799
88,13,0.33601
88,14,0.36083
88,15,0.38542
88,16,0.40936
88,17,0.43223
88,18,0.45362
88,19,0.47317
88,20,0.49915
88,21,0.52655
88,22,0.55546
88,23,0.58596
88,24,0.61813
88,25,0.65207
89,1,0.01862
89,2,0.03992
89,3,0.06841
89,4,0.1078
89,5,0.16326
89,6,0.1934
89,7,0.21063
89,8,0.23206
89,9,0.25541
89,10,0.28079
89,11,0.30781
89,12,0.33601
89,13,0.36083
89,14,0.38542
89,15,0.40936
89,16,0.43223
89,17,0.45362
89,18,0.47317
89,19,0.49915
89,20,0.52655
89,21,0.55546
89,22,0.58596
89,23,0.61813
89,24,0.65207
89,25,0.68787
90,1,0.02081
90,2,0.04658
90,3,0.08632
90,4,0.14216
90,5,0.1934
90,6,0.21063
90,7,0.23206
90,8,0.25541
90,9,0.28079
90,10,0.3078
90,11,0.33601
90,12,0.36083
90,13,0.38542
90,14,0.40936
90,15,0.43223
90,16,0.45362
90,17,0.47317
90,18,0.49915
90,19,0.52655
90,20,0.55546
90,21,0.58596
90,22,0.61813
90,23,0.65207
90,24,0.68787
90,25,0.72564
91,1,0.02602
91,2,0.06146
91,3,0.13068
91,4,0.1934
91,5,0.21063
91,6,0.23206
91,7,0.25541
91,8,0.28079
91,9,0.3078
91,10,0.33601
91,11,0.36083
91,12,0.38542
91,13,0.40936
91,14,0.43223
91,15,0.45362
91,16,0.47317
91,17,0.49915
91,18,0.52655
91,19,0.55546
91,20,0.58596
91,21,0.61813
91,22,0.65207
91,23,0.68787
91,24,0.72564
91,25,0.76548
92,1,0.0366
92,2,0.09332
92,3,0.1934
92,4,0.21063
92,5,0.23206
92,6,0.25541
92,7,0.28079
92,8,0.3078
92,9,0.33601
92,10,0.36083
92,11,0.38542
92,12,0.40936
92,13,0.43223
92,14,0.45362
92,15,0.47317
92,16,0.49915
92,17,0.52655
92,18,0.55546
92,19,0.58596
92,20,0.61813
92,21,0.65207
92,22,0.68787
92,23,0.72564
92,24,0.76548
92,25,0.80751
93,1,0.05407
93,2,0.13653
93,3,0.21063
93,4,0.23206
93,5,0.25541
93,6,0.28079
93,7,0.3078
93,8,0.33601
93,9,0.36083
93,10,0.38542
93,11,0.40936
93,12,0.43223
93,13,0.45362
93,14,0.47317
93,15,0.49915
93,16,0.52655
93,17,0.55546
93,18,0.58596
93,19,0.61813
93,20,0.65207
93,21,0.68787
93,22,0.72564
93,23,0.76548
93,24,0.80751
93,25,0.85184
94,1,0.07965
94,2,0.16291
94,3,0.23206
94,4,0.25541
94,5,0.28079
94,6,0.3078
94,7,0.33601
94,8,0.36083
94,9,0.38542
94,10,0.40936
94,11,0.43223
94,12,0.45362
94,13,0.47317
94,14,0.49915
94,15,0.52655
94,16,0.55546
94,17,0.58596
94,18,0.61813
94,19,0.65207
94,20,0.68787
94,21,0.72564
94,22,0.76548
94,23,0.80751
94,24,0.85184
94,25,0.89862
95,1,0.11518
95,2,0.23206
95,3,0.25541
95,4,0.28079
95,5,0.3078
95,6,0.33601
95,7,0.36083
95,8,0.38542
95,9,0.40936
95,10,0.43223
95,11,0.45362
95,12,0.47317
95,13,0.49915
95,14,0.52655
95,15,0.55546
95,16,0.58596
95,17,0.61813
95,18,0.65207
95,19,0.68787
95,20,0.72564
95,21,0.76548
95,22,0.80751
95,23,0.85184
95,24,0.89862
95,25,0.94795
